arbID,Zoning District
1, "R4-
2, "PAR
3, "PAR
4, "C4-4
5, "PAR
6, "PAR
7, "R4
8, "PAR
9, "PAR
10, "PLAYGROUN
11, "PAR
12, "PAR
13, "R
14, "PAR
15, "PAR
16, "R5
17, "PAR
18, "PAR
19, "PAR
20, "PAR
21, "PAR
22, "PAR
23, "PAR
24, "PAR
25, "PAR
26, "PAR
27, "R6
28, "PAR
29, "R5
30, "PAR
31, "PAR
32, "PAR
33, "PAR
34, "R7
35, "R4
36, "PAR
37, "PAR
38, "R6
39, "PAR
40, "PAR
41, "PAR
42, "PAR
43, "PAR
44, "PAR
45, "R4-
46, "PAR
47, "PAR
48, "PAR
49, "PAR
50, "R6
51, "R4
52, "PAR
53, "PAR
54, "R3
55, "PAR
56, "M1-2/R
57, "PAR
58, "M1-
59, "PAR
60, "PAR
61, "R5
62, "PAR
63, "PAR
64, "PAR
65, "PAR
66, "PAR
67, "R6
68, "PAR
69, "PAR
70, "R7
71, "PAR
72, "R6
73, "PAR
74, "PAR
75, "PAR
76, "R6
77, "PAR
78, "R6
79, "PAR
80, "R
81, "PAR
82, "PAR
83, "PAR
84, "PAR
85, "PLAYGROUN
86, "PAR
87, "PAR
88, "R7
89, "R6
90, "PAR
91, "R3-
92, "R4-
93, "PAR
94, "PAR
95, "PAR
96, "PAR
97, "PAR
98, "R6
99, "PAR
100, "PAR
101, "PAR
102, "PAR
103, "M1-1/R7
104, "PAR
105, "PAR
106, "PAR
107, "PAR
108, "PAR
109, "R
110, "R6
111, "R4-
112, "PAR
113, "PAR
114, "PAR
115, "PAR
116, "PAR
117, "PAR
118, "R6
119, "PAR
120, "PAR
121, "PAR
122, "PAR
123, "PAR
124, "PAR
125, "R6
126, "R6
127, "PAR
128, "PAR
129, "PAR
130, "R6
131, "R5
132, "PAR
133, "PLAYGROUN
134, "M1-
135, "PAR
136, "PAR
137, "R4-
138, "PAR
139, "R5
140, "PAR
141, "PAR
142, "PAR
143, "C8-
144, "PAR
145, "R6
146, "PAR
147, "PAR
148, "M1-4/R8
149, "PAR
150, "PAR
151, "PAR
152, "R5
153, "C8-
154, "R4-
155, "PAR
156, "PAR
157, "PAR
158, "PAR
159, "R6
160, "PAR
161, "PAR
162, "R7
163, "PAR
164, "PAR
165, "R
166, "PAR
167, "PAR
168, "C4-
169, "R6
170, "PAR
171, "M1-
172, "PAR
173, "PAR
174, "C4-5
175, "PAR
176, "R
177, "M1-
178, "R5
179, "R6
180, "PAR
181, "PAR
182, "PAR
183, "PAR
184, "PAR
185, "PAR
186, "PAR
187, "PAR
188, "PAR
189, "PAR
190, "PAR
191, "R6
192, "R4
193, "PAR
194, "PAR
195, "PAR
196, "M1-1/R6
197, "PAR
198, "PAR
199, "PAR
200, "R5
201, "PAR
202, "PAR
203, "PAR
204, "R7
205, "R5
206, "R6
207, "M1-4/R7
208, "PAR
209, "M1-4/R6
210, "PAR
211, "M1-
212, "R6
213, "PAR
214, "R5
215, "PAR
216, "R6
217, "C8-
218, "PAR
219, "C4-3
220, "PAR
221, "PAR
222, "C4-2
223, "PAR
224, "R6
225, "PAR
226, "M1-
227, "PAR
228, "PAR
229, "M1-2/R
230, "C8-
231, "PAR
232, "C4-
233, "PAR
234, "R5
235, "PAR
236, "PAR
237, "PAR
238, "M1-
239, "PAR
240, "PAR
241, "PAR
242, "PAR
243, "PAR
244, "PAR
245, "PAR
246, "PAR
247, "PAR
248, "M1-2/R6
249, "PAR
250, "PAR
251, "PAR
252, "PAR
253, "R
254, "PAR
255, "PAR
256, "PAR
257, "PAR
258, "PAR
259, "PAR
260, "PAR
261, "PAR
262, "C8-
263, "PLAYGROUN
264, "R5
265, "PAR
266, "R6
267, "C6-
268, "PAR
269, "PAR
270, "R6
271, "R6
272, "R6
273, "PAR
274, "R5
275, "PAR
276, "PAR
277, "PAR
278, "PLAYGROUN
279, "PAR
280, "PAR
281, "PAR
282, "PAR
283, "M1-2/R6
284, "PAR
285, "R4
286, "PAR
287, "R7
288, "PAR
289, "PAR
290, "R6
291, "PAR
292, "PAR
293, "PAR
294, "PAR
295, "PAR
296, "PAR
297, "PAR
298, "PAR
299, "PAR
300, "R6
301, "PAR
302, "PAR
303, "PAR
304, "R
305, "R6
306, "PAR
307, "R4-
308, "PAR
309, "R7-
310, "C4-
311, "M1-
312, "PAR
313, "PAR
314, "PLAYGROUN
315, "PAR
316, "R5
317, "R5
318, "PAR
319, "PAR
320, "R5
321, "PAR
322, "PAR
323, "PAR
324, "R4-
325, "PAR
326, "PAR
327, "PAR
328, "R5
329, "PAR
330, "PAR
331, "M1-4/R7
332, "R
333, "R5
334, "PAR
335, "PAR
336, "R
337, "PAR
338, "R5
339, "PAR
340, "M1-
341, "R6
342, "C3
343, "R
344, "PAR
345, "R3-
346, "PAR
347, "R5
348, "PLAYGROUN
349, "PAR
350, "PLAYGROUN
351, "PAR
352, "PAR
353, "PAR
354, "PAR
355, "R6
356, "R
357, "PAR
358, "R7
359, "PAR
360, "PAR
361, "C8-
362, "R7
363, "PAR
364, "PAR
365, "PLAYGROUN
366, "PAR
367, "PAR
368, "R5
369, "PAR
370, "R4
371, "PAR
372, "PLAYGROUN
373, "C8-
374, "R5
375, "R5
376, "PAR
377, "PAR
378, "PAR
379, "R7
380, "PAR
381, "PAR
382, "PAR
383, "PAR
384, "PAR
385, "R
386, "PAR
387, "R
388, "R5
389, "R
390, "PAR
391, "PAR
392, "C4-5
393, "PAR
394, "PAR
395, "C4-
396, "R7
397, "PAR
398, "PAR
399, "PAR
400, "PAR
401, "M3-
402, "R5
403, "R6
404, "PAR
405, "PUBLIC PLAC
406, "PAR
407, "PAR
408, "PAR
409, "PAR
410, "PAR
411, "PAR
412, "PAR
413, "C4-5
414, "PAR
415, "PAR
416, "R5
417, "PAR
418, "R
419, "PAR
420, "R5
421, "PAR
422, "R7-
423, "PAR
424, "R5
425, "PAR
426, "C4-
427, "PAR
428, "PAR
429, "R7
430, "M2-
431, "PAR
432, "PAR
433, "C8-
434, "PLAYGROUN
435, "PAR
436, "PAR
437, "PAR
438, "PAR
439, "PAR
440, "PAR
441, "R6
442, "R5
443, "PAR
444, "PAR
445, "PAR
446, "PAR
447, "PAR
448, "PAR
449, "R6
450, "PAR
451, "PAR
452, "BALL FIEL
453, "PAR
454, "PAR
455, "PAR
456, "PAR
457, "PAR
458, "PAR
459, "PAR
460, "M1-
461, "C4-
462, "PAR
463, "R7
464, "PAR
465, "PAR
466, "PAR
467, "PAR
468, "PAR
469, "PAR
470, "PAR
471, "PAR
472, "R
473, "PAR
474, "M1-
475, "R5
476, "PAR
477, "R6
478, "C4-
479, "R3-
480, "C8-
481, "PAR
482, "PAR
483, "R
484, "PLAYGROUN
485, "R3-
486, "R5
487, "PAR
488, "PAR
489, "PAR
490, "PAR
491, "R4
492, "PAR
493, "PAR
494, "R7
495, "PAR
496, "PAR
497, "PAR
498, "PAR
499, "PAR
500, "R5
501, "PAR
502, "PAR
503, "PAR
504, "PLAYGROUN
505, "PAR
506, "R7
507, "PAR
508, "PAR
509, "PAR
510, "PAR
511, "PAR
512, "R6
513, "PAR
514, "R6
515, "R5
516, "R7
517, "R7
518, "R3-
519, "PAR
520, "PAR
521, "R6
522, "PLAYGROUN
523, "PAR
524, "PAR
525, "PAR
526, "R5
527, "M1-
528, "PLAYGROUN
529, "PAR
530, "PAR
531, "R
532, "PAR
533, "PAR
534, "PAR
535, "PAR
536, "PAR
537, "M3-
538, "PAR
539, "PAR
540, "PLAYGROUN
541, "PAR
542, "PAR
543, "M1-
544, "R8
545, "PAR
546, "PAR
547, "PAR
548, "PAR
549, "PAR
550, "PLAYGROUN
551, "PAR
552, "PAR
553, "PAR
554, "PLAYGROUN
555, "PAR
556, "PAR
557, "PAR
558, "R
559, "PAR
560, "PAR
561, "PAR
562, "PAR
563, "M2-
564, "PAR
565, "PAR
566, "C6-
567, "PAR
568, "PAR
569, "PAR
570, "PAR
571, "PAR
572, "PAR
573, "PAR
574, "PAR
575, "R6
576, "PAR
577, "PAR
578, "PAR
579, "PLAYGROUN
580, "PAR
581, "PAR
582, "PAR
583, "R6
584, "PAR
585, "PAR
586, "PAR
587, "PAR
588, "PAR
589, "PAR
590, "PAR
591, "PAR
592, "PAR
593, "PAR
594, "PAR
595, "C1-6
596, "PLAYGROUN
597, "PAR
598, "PAR
599, "PAR
600, "PAR
601, "PAR
602, "PLAYGROUN
603, "PAR
604, "PAR
605, "PAR
606, "R
607, "M1-
608, "PAR
609, "PAR
610, "PAR
611, "R8
612, "PAR
613, "PAR
614, "PAR
615, "PAR
616, "PAR
617, "PAR
618, "PAR
619, "PLAYGROUN
620, "PLAYGROUN
621, "R8
622, "PAR
623, "PAR
624, "PLAYGROUN
625, "PAR
626, "PAR
627, "PAR
628, "PAR
629, "PAR
630, "PAR
631, "PLAYGROUN
632, "PAR
633, "PAR
634, "PAR
635, "R8
636, "PAR
637, "PLAYGROUN
638, "R4
639, "PAR
640, "PAR
641, "R4
642, "PAR
643, "PAR
644, "R4
645, "PAR
646, "PAR
647, "R
648, "PAR
649, "R4-
650, "PAR
651, "R2
652, "PAR
653, "R6
654, "C8-
655, "PAR
656, "PAR
657, "R3-
658, "PAR
659, "PAR
660, "R4
661, "R3
662, "R4-
663, "PAR
664, "PAR
665, "PAR
666, "R7
667, "R
668, "R4-
669, "PAR
670, "PAR
671, "PAR
672, "R4
673, "PAR
674, "PUBLIC PLAC
675, "PAR
676, "PAR
677, "PAR
678, "PAR
679, "PAR
680, "R4
681, "PAR
682, "R3-
683, "PLAYGROUN
684, "R
685, "R7
686, "PAR
687, "PAR
688, "PAR
689, "R3
690, "C4-
691, "R4
692, "PAR
693, "PAR
694, "R1-2
695, "R2
696, "R7
697, "PAR
698, "PAR
699, "PAR
700, "PAR
701, "R4
702, "R5
703, "PAR
704, "PAR
705, "R4-
706, "PAR
707, "PAR
708, "PAR
709, "PAR
710, "R5
711, "PAR
712, "PAR
713, "R3
714, "PAR
715, "R4
716, "R3-
717, "R5
718, "R6
719, "R3-
720, "PAR
721, "PAR
722, "PLAYGROUN
723, "PAR
724, "C4-2
725, "R7-
726, "R5
727, "PAR
728, "PAR
729, "PAR
730, "PAR
731, "R
732, "R4-
733, "PAR
734, "PAR
735, "R3-
736, "R
737, "PAR
738, "C4-
739, "C4-
740, "R6
741, "PAR
742, "R
743, "PAR
744, "R3-
745, "R3
746, "PLAYGROUN
747, "R7
748, "PAR
749, "PAR
750, "R
751, "PAR
752, "PAR
753, "R
754, "R
755, "PAR
756, "PAR
757, "BALL FIEL
758, "PLAYGROUN
759, "PUBLIC PLAC
760, "M1-
761, "PAR
762, "R
763, "C8-
764, "PAR
765, "C4-
766, "PAR
767, "PAR
768, "R3-
769, "PAR
770, "R6
771, "PAR
772, "R2
773, "PAR
774, "R4
775, "R7
776, "R
777, "R3
778, "R
779, "R
780, "PAR
781, "R3-
782, "R
783, "PAR
784, "R
785, "R4-
786, "R4-
787, "PAR
788, "C4-
789, "PAR
790, "PLAYGROUN
791, "PAR
792, "PAR
793, "PAR
794, "PLAYGROUN
795, "R4
796, "PAR
797, "PAR
798, "PAR
799, "PAR
800, "R3-
801, "PLAYGROUN
802, "R3
803, "PAR
804, "R6
805, "R3
806, "R
807, "R
808, "PAR
809, "PAR
810, "R3-
811, "PAR
812, "C8-
813, "C4-5
814, "PAR
815, "R4
816, "PLAYGROUN
817, "PAR
818, "M1-
819, "R3-
820, "R4
821, "PAR
822, "PAR
823, "PAR
824, "R
825, "PAR
826, "R5
827, "PAR
828, "R4
829, "R4
830, "PAR
831, "PAR
832, "R5
833, "R
834, "C
835, "R
836, "R4
837, "PLAYGROUN
838, "R
839, "M1-
840, "PLAYGROUN
841, "R
842, "R4
843, "R4-
844, "R5
845, "R3
846, "C4-
847, "R4-
848, "R4-
849, "PLAYGROUN
850, "PAR
851, "PAR
852, "R
853, "PLAYGROUN
854, "R3
855, "PAR
856, "M3-
857, "R5
858, "PAR
859, "PAR
860, "PAR
861, "PAR
862, "PAR
863, "R5
864, "R5
865, "PAR
866, "R5
867, "R
868, "PAR
869, "PAR
870, "PAR
871, "R
872, "R
873, "R4
874, "R
875, "PAR
876, "PAR
877, "R7
878, "R5
879, "PAR
880, "PAR
881, "PAR
882, "PAR
883, "R3
884, "M1-
885, "PAR
886, "PAR
887, "PAR
888, "R2
889, "PAR
890, "PAR
891, "PAR
892, "PAR
893, "R3
894, "PAR
895, "PAR
896, "R2
897, "R4-
898, "R
899, "PAR
900, "PAR
901, "PAR
902, "PAR
903, "PAR
904, "PAR
905, "PAR
906, "R3-
907, "R3
908, "PLAYGROUN
909, "PAR
910, "R
911, "PLAYGROUN
912, "R5
913, "R6
914, "PAR
915, "R6
916, "R6
917, "PAR
918, "M1-
919, "PAR
920, "PAR
921, "PAR
922, "PAR
923, "PAR
924, "R
925, "PAR
926, "PLAYGROUN
927, "PAR
928, "PAR
929, "R4-
930, "PAR
931, "PLAYGROUN
932, "R5
933, "R4
934, "R4
935, "R
936, "C4-5
937, "R
938, "M1-4/R6
939, "PAR
940, "R3-
941, "R
942, "R
943, "M1-5/R7-
944, "R4
945, "R3-
946, "PAR
947, "PAR
948, "R7-
949, "R3-
950, "PAR
951, "R4-
952, "PAR
953, "PAR
954, "PAR
955, "PAR
956, "PAR
957, "PAR
958, "PAR
959, "PAR
960, "R3-
961, "PAR
962, "PAR
963, "PAR
964, "PAR
965, "PAR
966, "PAR
967, "R
968, "R1-
969, "C
970, "PAR
971, "PAR
972, "PAR
973, "PAR
974, "PAR
975, "PAR
976, "PAR
977, "R
978, "PAR
979, "C
980, "PAR
981, "PAR
982, "PAR
983, "C4-
984, "PAR
985, "PAR
986, "PAR
987, "PAR
988, "PAR
989, "PAR
990, "M3-
991, "PAR
992, "PAR
993, "PAR
994, "PAR
995, "PAR
996, "R3
997, "PAR
998, "R3-
999, "PAR
1000, "PAR
1001, "PAR
1002, "PAR
1003, "M3-
1004, "R3-
1005, "PAR
1006, "PAR
1007, "C8-
1008, "PAR
1009, "PAR
1010, "PAR
1011, "PAR
1012, "PAR
1013, "PAR
1014, "M3-
1015, "R3
1016, "PAR
1017, "PAR
1018, "PAR
1019, "PAR
1020, "PAR
1021, "PAR
1022, "PAR
1023, "PAR
1024, "PAR
1025, "PAR
1026, "PAR
1027, "PAR
1028, "PAR
1029, "PAR
1030, "PAR
1031, "PAR
1032, "PAR
1033, "PAR
1034, "PAR
1035, "R3-
1036, "R1-
1037, "R3-
1038, "PAR
1039, "PAR
1040, "PAR
1041, "PAR
1042, "PAR
1043, "PAR
1044, "PAR
1045, "PAR
1046, "PAR
1047, "PAR
1048, "PAR
1049, "PAR
1050, "R1-
1051, "PAR
1052, "PAR
1053, "PAR
1054, "PAR
1055, "PAR
1056, "R3-
1057, "R1-
1058, "PAR
1059, "PAR
1060, "PAR
1061, "PAR
1062, "PAR
1063, "PAR
1064, "PAR
1065, "R3-
1066, "PAR
1067, "R3
1068, "C4-
1069, "PAR
1070, "PAR
1071, "R4-
1072, "R5
1073, "M1-
1074, "PAR
1075, "R4-
1076, "PLAYGROUN
1077, "PAR
1078, "PAR
1079, "PAR
1080, "PAR
1081, "PAR
1082, "PAR
1083, "R3-
1084, "PAR
1085, "PAR
1086, "PAR
1087, "PAR
1088, "PAR
1089, "PAR
1090, "PAR
1091, "R8
1092, "R8
1093, "R7
1094, "C4-
1095, "PAR
1096, "R6
1097, "R7
1098, "PAR
1099, "PAR
1100, "PAR
1101, "R7
1102, "R8
1103, "R
1104, "R
1105, "R7-
1106, "PAR
1107, "R6
1108, "R8
1109, "R7
1110, "M3-
1111, "PAR
1112, "PAR
1113, "PAR
1114, "PAR
1115, "PAR
1116, "M1-
1117, "PAR
1118, "PAR
1119, "PLAYGROUN
1120, "PAR
1121, "PAR
1122, "PAR
1123, "PAR
1124, "PAR
1125, "PAR
1126, "PAR
1127, "PAR
1128, "PAR
1129, "PAR
1130, "PAR
1131, "PLAYGROUN
1132, "PAR
1133, "PAR
1134, "PAR
1135, "PLAYGROUN
1136, "PAR
1137, "PLAYGROUN
1138, "PAR
1139, "PLAYGROUN
1140, "PAR
1141, "PAR
1142, "PAR
1143, "PAR
1144, "PLAYGROUN
1145, "PAR
1146, "PLAYGROUN
1147, "PAR
1148, "PAR
1149, "PAR
1150, "PAR
1151, "PAR
1152, "PAR
1153, "PLAYGROUN
1154, "PAR
1155, "R
1156, "M1-
1157, "M3-
1158, "PAR
1159, "PAR
1160, "PAR
1161, "PLAYGROUN
1162, "PAR
1163, "PAR
1164, "PAR
1165, "PLAYGROUN
1166, "PAR
1167, "M1-
1168, "PAR
1169, "PAR
1170, "R
1171, "PAR
1172, "PLAYGROUN
1173, "PAR
1174, "PAR
1175, "PAR
1176, "PAR
1177, "PAR
1178, "PAR
1179, "PAR
1180, "PAR
1181, "PAR
1182, "PAR
1183, "PAR
1184, "PAR
1185, "PAR
1186, "PAR
1187, "PAR
1188, "PAR
1189, "PAR
1190, "R1-
1191, "R1-
1192, "PAR
1193, "PLAYGROUN
1194, "PLAYGROUN
1195, "PAR
1196, "R3-
1197, "PAR
1198, "PAR
1199, "PLAYGROUN
1200, "M3-
1201, "PAR
1202, "PAR
1203, "PAR
1204, "PAR
1205, "PAR
1206, "PAR
1207, "PAR
1208, "PAR
1209, "PAR
1210, "PLAYGROUN
1211, "BALL FIEL
1212, "PAR
1213, "PAR
1214, "PAR
1215, "R8
1216, "R7
1217, "C6-
1218, "R8
1219, "M2-
1220, "M1-4/R9
1221, "PAR
1222, "PLAYGROUN
1223, "PAR
1224, "R7
1225, "C8-
1226, "R7
1227, "R7-
1228, "R7
1229, "R1-
1230, "R7
1231, "PAR
1232, "BALL FIEL
1233, "PAR
1234, "PAR
1235, "R3-
1236, "R7
1237, "R7
1238, "R
1239, "R7
1240, "M1-4/R7
1241, "M1-1/R7
1242, "R8
1243, "PAR
1244, "PAR
1245, "PAR
1246, "PAR
1247, "PAR
1248, "PAR
1249, "PAR
1250, "PAR
1251, "PAR
1252, "PAR
1253, "PAR
1254, "PAR
1255, "PAR
1256, "PAR
1257, "PAR
1258, "PAR
1259, "PAR
1260, "PAR
1261, "PAR
1262, "PAR
1263, "PAR
1264, "PAR
1265, "PAR
1266, "R7-
1267, "PAR
1268, "PAR
1269, "PAR
1270, "PAR
1271, "PAR
1272, "PAR
1273, "PAR
1274, "PAR
1275, "PAR
1276, "PAR
1277, "PAR
1278, "PAR
1279, "PAR
1280, "PAR
1281, "PAR
1282, "PAR
1283, "PAR
1284, "PAR
1285, "PAR
1286, "PAR
1287, "PAR
1288, "PAR
1289, "PAR
1290, "PAR
1291, "PAR
1292, "PAR
1293, "PAR
1294, "PAR
1295, "PAR
1296, "PAR
1297, "PAR
1298, "PAR
1299, "PAR
1300, "PAR
1301, "PAR
1302, "PAR
1303, "PAR
1304, "PAR
1305, "PAR
1306, "PAR
1307, "PAR
1308, "PAR
1309, "PAR
1310, "PAR
1311, "PAR
1312, "R6
1313, "PAR
1314, "R7
1315, "R6
1316, "R8
1317, "R5
1318, "R4-
1319, "M1-2/R
1320, "R6
1321, "R5
1322, "R6
1323, "R6
1324, "R
1325, "R
1326, "M1-
1327, "R7
1328, "R6
1329, "C8-
1330, "M1-
1331, "R3-
1332, "R6
1333, "R6
1334, "M3-
1335, "R6
1336, "C4-
1337, "R6
1338, "M1-
1339, "R4
1340, "R5
1341, "C8-
1342, "R7
1343, "PAR
1344, "M2-
1345, "M1-
1346, "M1-
1347, "R4-
1348, "R5
1349, "C6-
1350, "PAR
1351, "R5
1352, "R1-
1353, "R6
1354, "R
1355, "R5
1356, "R
1357, "C6-
1358, "R4-
1359, "C4-4
1360, "C8-
1361, "R5
1362, "R4
1363, "R4-
1364, "R4
1365, "PAR
1366, "R5
1367, "R6
1368, "R6
1369, "R6
1370, "R4
1371, "C6-2
1372, "R3-
1373, "R7
1374, "M1-
1375, "C4-4
1376, "PAR
1377, "R
1378, "C4-4
1379, "C8-
1380, "C8-
1381, "R4-
1382, "M1-
1383, "R
1384, "R
1385, "R7
1386, "R
1387, "R7
1388, "M1-4/R6
1389, "R5
1390, "R4-
1391, "C8-
1392, "M3-
1393, "C8-
1394, "R6
1395, "R5
1396, "R6
1397, "R2
1398, "M1-
1399, "M1-
1400, "R5
1401, "R
1402, "R
1403, "M1-2/R6
1404, "R4-
1405, "R
1406, "R4-
1407, "C8-
1408, "R5
1409, "R4
1410, "R5
1411, "R4-
1412, "R6
1413, "R6
1414, "M3-
1415, "R7
1416, "R5
1417, "R
1418, "R6
1419, "R7
1420, "PLAYGROUN
1421, "R6
1422, "R5
1423, "R6
1424, "M1-
1425, "R6
1426, "R
1427, "C8-
1428, "R6
1429, "R6
1430, "C8-
1431, "R7
1432, "C8-
1433, "R6
1434, "C8-
1435, "PAR
1436, "C5-2
1437, "C6-2
1438, "M1-
1439, "PAR
1440, "R3
1441, "R4-
1442, "R
1443, "R7
1444, "C4-4
1445, "R6
1446, "R7
1447, "C8-
1448, "R6
1449, "C6-
1450, "R6
1451, "R6
1452, "M1-
1453, "R7
1454, "M1-
1455, "R4
1456, "R6
1457, "M1-
1458, "M1-1
1459, "R7
1460, "PAR
1461, "C8-
1462, "R6
1463, "M1-
1464, "M1-
1465, "PAR
1466, "R4-
1467, "R6
1468, "M1-
1469, "R5
1470, "M1-2/R6
1471, "R6
1472, "R6
1473, "M1-2/R6
1474, "R5
1475, "R6
1476, "R5
1477, "R7-
1478, "R7
1479, "C4-
1480, "C4-2
1481, "C4-
1482, "M1-
1483, "R
1484, "R6
1485, "R3
1486, "R
1487, "R4-
1488, "C4-3
1489, "M1-
1490, "R4
1491, "R5
1492, "R3-
1493, "R6
1494, "M1-
1495, "R7
1496, "R5
1497, "C6-
1498, "R
1499, "R
1500, "M1-2/R6
1501, "R6
1502, "M1-2/R6
1503, "R6
1504, "C8-
1505, "R6
1506, "PAR
1507, "R6
1508, "C
1509, "R7
1510, "R7
1511, "R6
1512, "R6
1513, "R6
1514, "R4-
1515, "M1-
1516, "R6
1517, "PAR
1518, "C8-
1519, "C8-
1520, "C4-2
1521, "M1-4/R8
1522, "C5-
1523, "C4-
1524, "R4-
1525, "C8-
1526, "PAR
1527, "M2-
1528, "R7
1529, "R
1530, "R6
1531, "C8-
1532, "R
1533, "R
1534, "R4
1535, "C8-
1536, "R
1537, "C8-
1538, "M1-2/R6
1539, "R
1540, "R4-
1541, "C4-
1542, "R6
1543, "R4
1544, "R7
1545, "R
1546, "R4-
1547, "C6-
1548, "M1-
1549, "C8-
1550, "R5
1551, "M1-
1552, "R
1553, "M1-
1554, "PAR
1555, "C4-
1556, "R6
1557, "M1-
1558, "R5
1559, "R6
1560, "M2-
1561, "M1-
1562, "R8
1563, "R6
1564, "R4
1565, "C8-
1566, "C8-
1567, "R
1568, "M3-
1569, "C8-
1570, "M1-
1571, "R7
1572, "PAR
1573, "R7
1574, "C8-
1575, "R
1576, "R3
1577, "M1-2/R
1578, "C5-
1579, "C4-5
1580, "R4-
1581, "C8-
1582, "PAR
1583, "R6
1584, "M1-2/R6
1585, "R4
1586, "M1-
1587, "R4-
1588, "R6
1589, "R7
1590, "R
1591, "M1-
1592, "R6
1593, "R6
1594, "R
1595, "R3-
1596, "R
1597, "R6
1598, "R7
1599, "C4-4
1600, "M1-
1601, "R4
1602, "C5-
1603, "PAR
1604, "M1-4/R6
1605, "R
1606, "R7
1607, "M1-2/R
1608, "R7-
1609, "R6
1610, "R6
1611, "C8-
1612, "R7
1613, "R5
1614, "M1-2
1615, "R6
1616, "R6
1617, "M1-
1618, "R6
1619, "R6
1620, "M1-
1621, "PAR
1622, "C4-
1623, "R6
1624, "R
1625, "C4-4
1626, "R5
1627, "R1-
1628, "R6
1629, "R6
1630, "R6
1631, "R7-
1632, "R
1633, "M1-2/R6
1634, "M1-4/R6
1635, "R5
1636, "R6
1637, "R5
1638, "M1-
1639, "M1-2/R6
1640, "PAR
1641, "R6
1642, "M1-
1643, "M1-
1644, "M3-
1645, "R6
1646, "M1-2/R6
1647, "M1-
1648, "C8-
1649, "R
1650, "M1-
1651, "M3-
1652, "R4-
1653, "C6-
1654, "R4
1655, "R6
1656, "M3-
1657, "R4-
1658, "R7
1659, "R
1660, "C6-
1661, "C6-
1662, "M1-2/R6
1663, "R7-
1664, "C4-
1665, "M1-
1666, "C8-
1667, "R6
1668, "R4-
1669, "R3-
1670, "R6
1671, "R6
1672, "R6
1673, "C4-4
1674, "R5
1675, "R6
1676, "R6
1677, "R
1678, "M2-
1679, "C8-
1680, "R
1681, "R
1682, "R7
1683, "R7-
1684, "R7
1685, "R7-
1686, "C8-
1687, "R
1688, "M1-5/R9-
1689, "R7
1690, "R6
1691, "R
1692, "C8-
1693, "R7
1694, "R6
1695, "C4-
1696, "C4-4
1697, "R
1698, "R7
1699, "R6
1700, "R6
1701, "R6
1702, "R7
1703, "M1-
1704, "M1-
1705, "R6
1706, "R6
1707, "R
1708, "PAR
1709, "R5
1710, "PAR
1711, "R
1712, "R6
1713, "C4-
1714, "M1-
1715, "R
1716, "R4
1717, "R6
1718, "C8-
1719, "R4-
1720, "C8-
1721, "R6
1722, "R
1723, "R6
1724, "M2-
1725, "C8-
1726, "C4-4
1727, "C4-
1728, "R6
1729, "M1-
1730, "R6
1731, "R7
1732, "R4
1733, "M1-
1734, "C8-
1735, "C8-
1736, "R7-
1737, "R
1738, "R6
1739, "PAR
1740, "R6
1741, "R3
1742, "R5
1743, "C8-
1744, "R8
1745, "C6-3
1746, "R3-
1747, "R6
1748, "M1-1/R
1749, "R6
1750, "M3-
1751, "PAR
1752, "M1-2/R6
1753, "R7
1754, "C4-
1755, "R6
1756, "R
1757, "PLAYGROUN
1758, "M1-4/R7
1759, "M3-
1760, "R7
1761, "C8-
1762, "M1-
1763, "C6-4.
1764, "R6
1765, "R5
1766, "M1-2/R6
1767, "R6
1768, "R6
1769, "R7
1770, "R5
1771, "PAR
1772, "PAR
1773, "R
1774, "R7-
1775, "R3-
1776, "R5
1777, "R
1778, "R
1779, "R5
1780, "R4
1781, "R
1782, "R5
1783, "C
1784, "R7
1785, "R4
1786, "M1-2/R6
1787, "R4-
1788, "R6
1789, "R6
1790, "R7
1791, "R6
1792, "R
1793, "R
1794, "PAR
1795, "R
1796, "R5
1797, "C6-
1798, "PAR
1799, "C6-
1800, "C8-
1801, "PAR
1802, "R6
1803, "R3-
1804, "R6
1805, "R
1806, "R6
1807, "R4
1808, "C8-
1809, "C6-
1810, "R6
1811, "R6
1812, "R7
1813, "R7
1814, "R7
1815, "R8
1816, "R
1817, "R7
1818, "R6
1819, "R6
1820, "R3-
1821, "R
1822, "C8-
1823, "M3-
1824, "M1-2/R7
1825, "R5
1826, "C4-4
1827, "R
1828, "R7
1829, "R
1830, "R4
1831, "M1-2/R6
1832, "R6
1833, "R6
1834, "M1-
1835, "C8-
1836, "R5
1837, "M1-
1838, "R4-
1839, "R4
1840, "R7
1841, "R6
1842, "R6
1843, "R6
1844, "R6
1845, "R6
1846, "PAR
1847, "M1-
1848, "C8-
1849, "C4-
1850, "R
1851, "R6
1852, "PAR
1853, "M1-
1854, "R7
1855, "R6
1856, "M1-
1857, "M1-2/R6
1858, "M3-
1859, "PAR
1860, "R4-
1861, "R7
1862, "R6
1863, "R6
1864, "M1-2/R
1865, "R5
1866, "M1-
1867, "R
1868, "R6
1869, "R6
1870, "R6
1871, "R4
1872, "M1-
1873, "M3-
1874, "R4-
1875, "R7
1876, "R6
1877, "M1-
1878, "PAR
1879, "R
1880, "R4
1881, "R6
1882, "R
1883, "R7
1884, "M1-4/R6
1885, "M1-
1886, "R4-
1887, "R6
1888, "R7-
1889, "M1-
1890, "R7-
1891, "R6
1892, "R6
1893, "C6-
1894, "R4
1895, "M1-
1896, "R5
1897, "PAR
1898, "R4
1899, "M3-
1900, "R
1901, "R
1902, "R4-
1903, "R6
1904, "R6
1905, "R5
1906, "C8-
1907, "R5
1908, "R5
1909, "C4-
1910, "R6
1911, "M1-4/R8
1912, "R
1913, "R7-
1914, "R5
1915, "C4-3
1916, "PAR
1917, "C4-
1918, "R
1919, "M1-
1920, "R6
1921, "R
1922, "M1-
1923, "R4
1924, "R5
1925, "C8-
1926, "R6
1927, "R6
1928, "R
1929, "R1-
1930, "C8-
1931, "M1-
1932, "R7
1933, "R7
1934, "R4-
1935, "R4-
1936, "PAR
1937, "R4-
1938, "R4-
1939, "M1-2/R
1940, "R7
1941, "M1-2/R
1942, "R3-
1943, "R7
1944, "R6
1945, "C6-1
1946, "R4-
1947, "R3-
1948, "R5
1949, "M1-2/R
1950, "M1-
1951, "R5
1952, "R4-
1953, "R3
1954, "R
1955, "R4-
1956, "R6
1957, "R
1958, "R
1959, "R6
1960, "R4-
1961, "M1-
1962, "R4
1963, "R
1964, "R5
1965, "C8-
1966, "C8-
1967, "R6
1968, "R6
1969, "R7-
1970, "C6-
1971, "M1-
1972, "R7
1973, "C8-
1974, "R5
1975, "M1-2/R6
1976, "R
1977, "R6
1978, "R6
1979, "PAR
1980, "C
1981, "C
1982, "R3-
1983, "R3
1984, "R
1985, "C8-
1986, "R6
1987, "R7
1988, "R6
1989, "R5
1990, "M1-2/R6
1991, "M3-
1992, "C4-5
1993, "R4-
1994, "R6
1995, "M1-2/R8
1996, "R6
1997, "R5
1998, "R2
1999, "M2-
2000, "R5
2001, "R6
2002, "M1-2/R6
2003, "R4-
2004, "R6
2005, "R
2006, "C8-
2007, "R4
2008, "R7-
2009, "C8-
2010, "R7
2011, "R
2012, "PAR
2013, "C8-
2014, "M1-
2015, "C4-
2016, "M1-4/R8
2017, "C4-4
2018, "R7-
2019, "R6
2020, "R6
2021, "R7
2022, "C8-
2023, "R6
2024, "M1-
2025, "R
2026, "R3-
2027, "R5
2028, "R4-
2029, "M1-
2030, "C8-
2031, "R5
2032, "PAR
2033, "M1-
2034, "PLAYGROUN
2035, "R5
2036, "PAR
2037, "M1-
2038, "R5
2039, "R7
2040, "C4-5
2041, "PAR
2042, "M3-
2043, "R7
2044, "R7-
2045, "R7
2046, "C8-
2047, "R
2048, "M3-
2049, "R
2050, "R4
2051, "M1-1/R7-
2052, "R7-
2053, "M1-
2054, "C
2055, "C8-
2056, "R4
2057, "PAR
2058, "M1-4/R6
2059, "R4
2060, "M1-
2061, "PAR
2062, "R5
2063, "PAR
2064, "M3-
2065, "R7-
2066, "R5
2067, "M1-
2068, "R
2069, "PAR
2070, "R
2071, "R6
2072, "R3
2073, "R
2074, "PAR
2075, "C8-
2076, "R4-
2077, "C4-
2078, "M3-
2079, "PAR
2080, "R
2081, "R7-
2082, "C8-
2083, "R
2084, "R7-
2085, "M1-
2086, "C8-
2087, "C8-
2088, "R
2089, "M1-
2090, "PAR
2091, "R1-
2092, "PAR
2093, "R7-
2094, "R7
2095, "C4-5
2096, "R3-
2097, "R7
2098, "M2-
2099, "C4-
2100, "C8-
2101, "C8-
2102, "R7-
2103, "M1-
2104, "R
2105, "R5
2106, "R3
2107, "PAR
2108, "M1-
2109, "R7-
2110, "R8
2111, "R6
2112, "PAR
2113, "PAR
2114, "R
2115, "M2-
2116, "R4
2117, "R
2118, "M1-
2119, "M2-
2120, "M1-
2121, "C8-
2122, "R
2123, "R6
2124, "C8-
2125, "R5
2126, "R6
2127, "C8-
2128, "R5
2129, "C
2130, "PAR
2131, "PAR
2132, "R3-
2133, "M1-
2134, "R7
2135, "M1-
2136, "M1-4/R7
2137, "M1-
2138, "R7-
2139, "C8-
2140, "M1-
2141, "R
2142, "PAR
2143, "R1-
2144, "M1-
2145, "R
2146, "R
2147, "M1-4/R6
2148, "R
2149, "R6
2150, "M1-
2151, "R8
2152, "C8-
2153, "R7
2154, "R4
2155, "R5
2156, "R
2157, "R
2158, "R
2159, "C4-
2160, "PAR
2161, "C8-
2162, "R4
2163, "PAR
2164, "R4-
2165, "C3
2166, "PAR
2167, "R
2168, "R8
2169, "R5
2170, "PAR
2171, "R7-
2172, "R7-
2173, "PAR
2174, "M3-
2175, "M1-4/R7
2176, "PAR
2177, "C
2178, "PAR
2179, "PAR
2180, "R4-
2181, "R4
2182, "R4
2183, "R3-
2184, "PAR
2185, "R
2186, "M1-
2187, "PAR
2188, "R
2189, "M1-
2190, "R7-
2191, "R1-
2192, "PAR
2193, "PAR
2194, "PAR
2195, "R
2196, "PAR
2197, "R3-
2198, "C4-
2199, "PAR
2200, "R
2201, "R4
2202, "R3
2203, "M1-4/R7
2204, "R4
2205, "C4-4
2206, "PAR
2207, "R3-
2208, "C3
2209, "R7
2210, "PAR
2211, "C4-
2212, "R3-
2213, "M2-
2214, "R7-
2215, "R
2216, "R7-
2217, "M1-
2218, "R
2219, "R6
2220, "R1-
2221, "R7-
2222, "R
2223, "M1-4/R7
2224, "M2-
2225, "C8-
2226, "R9
2227, "R3
2228, "C8-
2229, "R
2230, "C4-4
2231, "R5
2232, "R
2233, "R1-
2234, "R1-
2235, "PAR
2236, "R5
2237, "M2-
2238, "M1-2/R6
2239, "C8-
2240, "PAR
2241, "C8-
2242, "R
2243, "PAR
2244, "M1-
2245, "R
2246, "R4
2247, "M1-
2248, "M1-
2249, "C8-
2250, "C4-
2251, "M1-
2252, "C4-
2253, "PAR
2254, "R4
2255, "M1-
2256, "R3
2257, "PAR
2258, "M1-
2259, "R
2260, "R
2261, "R6
2262, "C4-
2263, "R5
2264, "C4-
2265, "C
2266, "R4-
2267, "PAR
2268, "M1-
2269, "PAR
2270, "R7
2271, "PAR
2272, "R
2273, "R4-
2274, "PAR
2275, "R4
2276, "C4-
2277, "PAR
2278, "R
2279, "R
2280, "PAR
2281, "M1-4/R8
2282, "PAR
2283, "C3
2284, "M1-
2285, "R3-
2286, "R
2287, "M1-
2288, "C4-
2289, "R4
2290, "R
2291, "R
2292, "C4-
2293, "R1-
2294, "R6
2295, "C4-
2296, "PAR
2297, "R4-
2298, "R4
2299, "PAR
2300, "R6
2301, "R4-
2302, "R
2303, "R7-
2304, "R4
2305, "PAR
2306, "PAR
2307, "PAR
2308, "M1-
2309, "R
2310, "M3-
2311, "R1-
2312, "R8
2313, "PAR
2314, "R4-
2315, "R3
2316, "PAR
2317, "PAR
2318, "PAR
2319, "M1-
2320, "R7-
2321, "R5
2322, "PAR
2323, "M1-
2324, "R4
2325, "R
2326, "R4-
2327, "C8-
2328, "R
2329, "C4-
2330, "PAR
2331, "R
2332, "R3
2333, "C8-
2334, "R8
2335, "C4-
2336, "PAR
2337, "PAR
2338, "R4-
2339, "PAR
2340, "C
2341, "C6-
2342, "PAR
2343, "R7-
2344, "PAR
2345, "C8-
2346, "R
2347, "PAR
2348, "C8-
2349, "M1-
2350, "M1-4/R7
2351, "C4-5
2352, "R4
2353, "PAR
2354, "C8-
2355, "M3-
2356, "M1-
2357, "C4-4
2358, "R7
2359, "R7-
2360, "R6
2361, "C6-3
2362, "M2-
2363, "PAR
2364, "R1-
2365, "R8
2366, "R3
2367, "R3
2368, "R7-
2369, "R4-
2370, "PAR
2371, "R4
2372, "R4
2373, "C4-
2374, "PAR
2375, "PAR
2376, "R
2377, "R
2378, "M1-3/R
2379, "R3-
2380, "PAR
2381, "PAR
2382, "PAR
2383, "R
2384, "C8-
2385, "R3-
2386, "PAR
2387, "M1-
2388, "R
2389, "C4-
2390, "R7-
2391, "M2-
2392, "C6-2
2393, "R
2394, "R
2395, "C8-
2396, "PAR
2397, "PAR
2398, "R3-
2399, "PAR
2400, "M1-
2401, "PAR
2402, "R
2403, "R7
2404, "R4
2405, "R7
2406, "R7-
2407, "C6-
2408, "PAR
2409, "C8-
2410, "M1-
2411, "R7-
2412, "R
2413, "R7
2414, "M2-
2415, "R7
2416, "C3
2417, "R8
2418, "PAR
2419, "PAR
2420, "C4-4
2421, "R7
2422, "R
2423, "C1-
2424, "R
2425, "R1
2426, "C5-
2427, "C4-
2428, "C6-2
2429, "C6-3
2430, "PAR
2431, "R10
2432, "R
2433, "C8-
2434, "C1-8
2435, "M1-5/R7-
2436, "C4-
2437, "C2-8
2438, "R7
2439, "C6-6.
2440, "C6-
2441, "C5-2.
2442, "R3-
2443, "C6-4
2444, "R8
2445, "PAR
2446, "R8
2447, "C1-
2448, "R8
2449, "PAR
2450, "C1-6
2451, "C1-
2452, "PAR
2453, "C4-
2454, "C2-7
2455, "R8
2456, "C5-
2457, "R8
2458, "R10
2459, "PAR
2460, "M1-
2461, "C1-9
2462, "R8
2463, "M1-
2464, "PAR
2465, "C6-2
2466, "R8
2467, "R7
2468, "C6-
2469, "R
2470, "R8
2471, "C1-
2472, "C5-2.
2473, "R8
2474, "R
2475, "R
2476, "R8
2477, "C6-4
2478, "C8-
2479, "C6-
2480, "M1-
2481, "R8
2482, "C6-
2483, "C8-
2484, "C5-2.
2485, "R
2486, "C6-
2487, "R8
2488, "C5-2.
2489, "C6-4.
2490, "C4-4
2491, "C1-8
2492, "R8
2493, "C5-
2494, "C6-4
2495, "PAR
2496, "C4-
2497, "R
2498, "R8
2499, "C6-2
2500, "M1-
2501, "R
2502, "R
2503, "R8
2504, "R7
2505, "M3-
2506, "PAR
2507, "R9
2508, "R7-
2509, "R8
2510, "C6-
2511, "R8
2512, "R7
2513, "R8
2514, "C5-2.
2515, "M2-
2516, "C6-
2517, "C1-6
2518, "C4-4
2519, "C6-
2520, "C1-
2521, "C5-
2522, "R8
2523, "C6-6.
2524, "C6-
2525, "C6-5.
2526, "PAR
2527, "R7
2528, "C6-
2529, "M2-
2530, "C6-
2531, "R1
2532, "M1-
2533, "M2-
2534, "C4-4
2535, "R
2536, "C6-
2537, "C5-2.
2538, "C1-
2539, "PAR
2540, "R
2541, "C2-
2542, "R7
2543, "R
2544, "C6-4.
2545, "C1-
2546, "C6-4.
2547, "R
2548, "M1-
2549, "R8
2550, "R7
2551, "R
2552, "R8
2553, "R
2554, "C1-6
2555, "R
2556, "C6-
2557, "R
2558, "M1-
2559, "C4-4
2560, "M1-
2561, "C6-
2562, "PAR
2563, "C8-
2564, "C6-
2565, "R8
2566, "R
2567, "R9
2568, "C6-3
2569, "M1-
2570, "R9
2571, "M2-
2572, "C2-6
2573, "C2-
2574, "C4-
2575, "C2-
2576, "C1-9
2577, "R8
2578, "C4-
2579, "R
2580, "C6-4.
2581, "C2-
2582, "PAR
2583, "C1-
2584, "C2-
2585, "R1
2586, "R
2587, "R
2588, "C4-
2589, "R1
2590, "C1-
2591, "M1-
2592, "R
2593, "R6
2594, "R7-
2595, "C5-
2596, "R8
2597, "C6-2
2598, "C1-
2599, "R6
2600, "C4-
2601, "R
2602, "C6-2
2603, "R8
2604, "R
2605, "C2-
2606, "C4-4
2607, "C6-
2608, "R8
2609, "R
2610, "R8
2611, "R7
2612, "R10
2613, "R
2614, "R9
2615, "R7
2616, "C5-2.
2617, "C4-4
2618, "M1-
2619, "C6-
2620, "R8
2621, "C2-
2622, "M1-
2623, "C1-
2624, "C5-
2625, "PAR
2626, "R8
2627, "M1-
2628, "PAR
2629, "R
2630, "C2-
2631, "C5-
2632, "PAR
2633, "C6-
2634, "C1-8
2635, "R6
2636, "R10
2637, "M3-
2638, "M1-5/R7
2639, "M1-
2640, "R8
2641, "PAR
2642, "C6-
2643, "M3-
2644, "R
2645, "M1-
2646, "R8
2647, "C6-
2648, "PAR
2649, "C6-
2650, "C6-
2651, "R8
2652, "R
2653, "R
2654, "R
2655, "M1-
2656, "C1-
2657, "R
2658, "C1-
2659, "R8
2660, "R8
2661, "PLAYGROUN
2662, "C6-2
2663, "C4-
2664, "C6-3
2665, "PAR
2666, "PAR
2667, "R8
2668, "R1
2669, "C4-4
2670, "R8
2671, "C4-
2672, "C6-2
2673, "C4-
2674, "R1
2675, "C6-
2676, "R
2677, "R8
2678, "C5-2.
2679, "C6-2
2680, "C4-
2681, "R8
2682, "C4-5
2683, "R8
2684, "C6-3
2685, "R7
2686, "R8
2687, "PAR
2688, "C1-
2689, "R8
2690, "M3-
2691, "R7
2692, "M1-
2693, "R6
2694, "R
2695, "C1-6
2696, "R8
2697, "R
2698, "R
2699, "C6-
2700, "R8
2701, "C2-
2702, "C6-
2703, "R8
2704, "R10
2705, "M1-
2706, "C5-
2707, "PAR
2708, "C1-
2709, "R8
2710, "R8
2711, "R6
2712, "C6-
2713, "C5-2.
2714, "C8-
2715, "C5-
2716, "R9
2717, "PAR
2718, "C6-2
2719, "C1-8
2720, "R
2721, "R7
2722, "C6-3
2723, "C6-2
2724, "PAR
2725, "R10
2726, "R8
2727, "C8-
2728, "PAR
2729, "C6-
2730, "R9
2731, "R8
2732, "C6-2
2733, "PAR
2734, "M3-
2735, "C5-1
2736, "PAR
2737, "PAR
2738, "C6-3
2739, "C6-
2740, "R7-
2741, "R8
2742, "C8-
2743, "C
2744, "C4-2
2745, "C6-4.
2746, "PAR
2747, "R
2748, "R8
2749, "C6-
2750, "R10
2751, "R8
2752, "PAR
2753, "R7-
2754, "C6-3
2755, "R3-
2756, "C4-
2757, "R8
2758, "C6-2
2759, "R8
2760, "C6-2
2761, "M1-
2762, "C1-7
2763, "PAR
2764, "R7
2765, "C2-
2766, "C5-
2767, "R8
2768, "C1-7
2769, "C1-8
2770, "C6-4
2771, "C6-
2772, "C1-6
2773, "C4-4
2774, "R
2775, "C1-
2776, "C6-3
2777, "C8-
2778, "R
2779, "M1-
2780, "R7
2781, "C2-
2782, "M1-
2783, "C8-
2784, "R8
2785, "M2-
2786, "PAR
2787, "C5-
2788, "C4-
2789, "C2-
2790, "C4-
2791, "R8
2792, "R
2793, "C6-2
2794, "C6-
2795, "R8
2796, "C6-
2797, "C6-
2798, "M1-6
2799, "C6-
2800, "R7
2801, "C5-2.
2802, "C2-
2803, "R1
2804, "R8
2805, "R8
2806, "R6
2807, "C2-
2808, "C4-
2809, "C8-
2810, "C6-
2811, "PAR
2812, "R8
2813, "R8
2814, "R
2815, "R8
2816, "R
2817, "M3-
2818, "R
2819, "C6-
2820, "C1-7
2821, "C1-6
2822, "C5-2.
2823, "R
2824, "C4-4
2825, "C6-2
2826, "PAR
2827, "C8-
2828, "R
2829, "C6-
2830, "C4-
2831, "R8
2832, "C6-4
2833, "R1
2834, "R1
2835, "M2-
2836, "C6-
2837, "C6-3
2838, "R7-
2839, "R1
2840, "PAR
2841, "C1-8
2842, "R8
2843, "C6-
2844, "R8
2845, "C6-
2846, "R7
2847, "C6-2
2848, "C5-2.
2849, "C6-
2850, "C1-
2851, "C1-
2852, "C8-
2853, "R
2854, "C1-
2855, "C6-
2856, "R7
2857, "R1
2858, "R
2859, "C6-
2860, "C6-
2861, "C1-7
2862, "C1-6
2863, "PLAYGROUN
2864, "R7-
2865, "PAR
2866, "M1-
2867, "C2-7
2868, "C1-
2869, "C1-9
2870, "R8
2871, "M1-
2872, "C1-
2873, "C5-2.
2874, "C1-
2875, "R6
2876, "C2-
2877, "R8
2878, "R8
2879, "C5-
2880, "R
2881, "R6
2882, "C5-
2883, "R8
2884, "C6-
2885, "R8
2886, "R8
2887, "R7
2888, "C4-
2889, "C2-
2890, "R7
2891, "R7
2892, "R8
2893, "M1-
2894, "C2-
2895, "C6-2
2896, "C6-
2897, "PAR
2898, "M1-
2899, "C4-4
2900, "C2-8
2901, "M1-
2902, "PAR
2903, "R8
2904, "R9
2905, "M1-
2906, "C6-
2907, "R7
2908, "C4-
2909, "R
2910, "M1-
2911, "M1-
2912, "PAR
2913, "M1-
2914, "M1-
2915, "R
2916, "C6-2
2917, "R1
2918, "PAR
2919, "BP
2920, "R8
2921, "R6
2922, "R10
2923, "R8
2924, "PAR
2925, "C1-8
2926, "C1-6
2927, "PAR
2928, "R8
2929, "R8
2930, "R7
2931, "C1-8
2932, "C5-2.
2933, "R8
2934, "C6-
2935, "PAR
2936, "R7
2937, "C8-
2938, "C6-3
2939, "M1-
2940, "R8
2941, "PAR
2942, "R7
2943, "M1-
2944, "PAR
2945, "R
2946, "C4-
2947, "C6-
2948, "R10
2949, "R7
2950, "R7
2951, "PAR
2952, "R7
2953, "C1-
2954, "PAR
2955, "R8
2956, "C4-
2957, "R8
2958, "R8
2959, "R
2960, "C6-
2961, "R8
2962, "R
2963, "R7
2964, "R7
2965, "M1-5
2966, "M1-
2967, "R1
2968, "PAR
2969, "R1
2970, "PAR
2971, "M2-
2972, "R8
2973, "R8
2974, "R8
2975, "M1-
2976, "C1-
2977, "C5-
2978, "C6-
2979, "R8
2980, "R7
2981, "R8
2982, "PAR
2983, "C4-
2984, "C1-
2985, "C6-3
2986, "C1-8
2987, "C8-
2988, "C4-
2989, "M3-
2990, "C4-5
2991, "M3-
2992, "R7-
2993, "C1-
2994, "M2-
2995, "PAR
2996, "C6-
2997, "R
2998, "M1-
2999, "PAR
3000, "C6-4
3001, "C6-
3002, "C6-3
3003, "C5-2.
3004, "C6-
3005, "M1-
3006, "C4-
3007, "R8
3008, "C4-4
3009, "R
3010, "R7
3011, "M1-
3012, "R7-
3013, "C4-
3014, "R7
3015, "C6-
3016, "C4-4
3017, "R8
3018, "C6-
3019, "C1-
3020, "PAR
3021, "R8
3022, "C6-3
3023, "C6-
3024, "C6-4
3025, "C6-
3026, "R8
3027, "R8
3028, "C1-
3029, "C1-
3030, "R
3031, "C6-
3032, "C4-4
3033, "R7
3034, "R7
3035, "C2-7
3036, "C6-
3037, "C1-8
3038, "C2-
3039, "C6-
3040, "R1
3041, "R7
3042, "C6-3
3043, "C6-4.
3044, "R8
3045, "R7-
3046, "R8
3047, "M1-
3048, "M3-
3049, "R6
3050, "C6-4.
3051, "C4-4
3052, "PLAYGROUN
3053, "C1-9
3054, "R8
3055, "C6-2
3056, "R
3057, "R8
3058, "R
3059, "R3
3060, "R
3061, "R3
3062, "M1-4/R6
3063, "R3-
3064, "M1-
3065, "M1-
3066, "R
3067, "R
3068, "C4-5
3069, "R3
3070, "R4
3071, "R4
3072, "R
3073, "R
3074, "M1-
3075, "R3
3076, "R
3077, "PAR
3078, "C
3079, "R2
3080, "R6
3081, "PAR
3082, "R4
3083, "R4-
3084, "R2
3085, "R
3086, "M1-2/R5
3087, "R3
3088, "R3
3089, "R3
3090, "R
3091, "R
3092, "R
3093, "R5
3094, "R4-
3095, "PAR
3096, "R4
3097, "R5
3098, "R
3099, "R
3100, "R4
3101, "R
3102, "R6
3103, "R2
3104, "PAR
3105, "R1-
3106, "R6
3107, "R
3108, "R3-
3109, "C8-
3110, "R
3111, "R5
3112, "R5
3113, "R5
3114, "R3-
3115, "R4
3116, "R1-2
3117, "R5
3118, "R6
3119, "R4-
3120, "R
3121, "R4-
3122, "R6
3123, "R
3124, "R3-
3125, "R3-
3126, "R3
3127, "R5
3128, "R3-
3129, "R
3130, "M3-
3131, "R
3132, "PAR
3133, "PAR
3134, "M1-
3135, "R3
3136, "M1-
3137, "R
3138, "R3
3139, "R2
3140, "R5
3141, "R
3142, "R6
3143, "R
3144, "M1-
3145, "R3
3146, "R
3147, "R
3148, "R6
3149, "M1-
3150, "R4
3151, "R4
3152, "M2-
3153, "M1-4/R7
3154, "C8-
3155, "R4-
3156, "R
3157, "R5
3158, "R
3159, "M1-5/R8
3160, "R3-
3161, "R4-
3162, "R6
3163, "M1-5/R7
3164, "R2
3165, "R3
3166, "R5
3167, "M1-4/R6
3168, "R
3169, "R2
3170, "R
3171, "M1-
3172, "R5
3173, "R4
3174, "R4-
3175, "R3
3176, "R4-
3177, "R
3178, "PAR
3179, "R3-
3180, "R4-
3181, "R
3182, "R5
3183, "PAR
3184, "R
3185, "R5
3186, "R4
3187, "R3
3188, "R4
3189, "R1-
3190, "PAR
3191, "M1-
3192, "R
3193, "R4
3194, "R4
3195, "C4-4
3196, "PAR
3197, "R3
3198, "R4-
3199, "R3-
3200, "M1-
3201, "R3-
3202, "R2
3203, "C8-
3204, "R
3205, "R4
3206, "R7
3207, "PAR
3208, "M1-
3209, "R4
3210, "R5
3211, "R
3212, "R2
3213, "R
3214, "C2-6
3215, "C4-
3216, "M1-5/R7-
3217, "PAR
3218, "R5
3219, "R6
3220, "R4-
3221, "R5
3222, "R3
3223, "M1-
3224, "C8-
3225, "R6
3226, "C4-
3227, "R
3228, "R4-
3229, "PAR
3230, "M1-
3231, "M2-
3232, "R4-
3233, "R
3234, "R
3235, "M1-
3236, "R3
3237, "R4-
3238, "R4
3239, "R
3240, "R4-
3241, "R3
3242, "R
3243, "R2
3244, "C4-
3245, "R
3246, "R4
3247, "M1-5/R1
3248, "M1-
3249, "R2
3250, "R
3251, "C3
3252, "R5
3253, "R3-
3254, "R4
3255, "C4-
3256, "PAR
3257, "M1-4/R6
3258, "R
3259, "C4-
3260, "R3
3261, "R4
3262, "M1-4/R6
3263, "R3
3264, "R3-
3265, "M1-2/R5
3266, "R6
3267, "R
3268, "R3
3269, "C4-
3270, "R7
3271, "R6
3272, "R1-
3273, "R3-
3274, "M1-1
3275, "M1-4/R6
3276, "PAR
3277, "R
3278, "PLAYGROUN
3279, "R4
3280, "C4-5
3281, "R5
3282, "R6
3283, "R4-
3284, "R4
3285, "C8-
3286, "R
3287, "R3
3288, "PAR
3289, "C
3290, "R3-
3291, "R4
3292, "R
3293, "R
3294, "R
3295, "R6
3296, "M1-4/R7
3297, "M1-
3298, "R
3299, "R5
3300, "R4
3301, "R6
3302, "R5
3303, "M3-
3304, "R7
3305, "R4-
3306, "M1-2/R5
3307, "R3
3308, "C8-
3309, "R4-
3310, "R4-
3311, "M2-
3312, "R5
3313, "R1-
3314, "R3
3315, "C8-
3316, "R4-
3317, "R
3318, "R5
3319, "M1-2/R5
3320, "R7
3321, "R3
3322, "R4
3323, "M1-
3324, "C4-
3325, "C4-4
3326, "R3-
3327, "C4-
3328, "R3
3329, "R
3330, "M1-
3331, "M1-
3332, "R4-
3333, "R3
3334, "R4
3335, "R3
3336, "R4
3337, "R7
3338, "M1-2/R5
3339, "R
3340, "R6
3341, "R3
3342, "M2-
3343, "R6
3344, "M1-
3345, "R1-
3346, "PAR
3347, "R6
3348, "C8-
3349, "R5
3350, "C4-4
3351, "R3
3352, "R4
3353, "M1-
3354, "M1-5/R7-
3355, "PAR
3356, "R
3357, "R4
3358, "R4
3359, "R3-
3360, "PAR
3361, "R7
3362, "R3-
3363, "R3
3364, "R6
3365, "R6
3366, "R1-
3367, "R4-
3368, "R4
3369, "R3
3370, "C4-4
3371, "M1-6/R1
3372, "R5
3373, "R
3374, "PAR
3375, "M3-
3376, "R6
3377, "PAR
3378, "R
3379, "R7
3380, "R
3381, "R
3382, "R4
3383, "R
3384, "R4-
3385, "R4
3386, "R
3387, "C8-
3388, "R4-
3389, "R3
3390, "R6
3391, "C4-2
3392, "R3
3393, "R4
3394, "R2
3395, "R6
3396, "C8-
3397, "R
3398, "R
3399, "M1-
3400, "R4-
3401, "R2
3402, "R5
3403, "R4-
3404, "R
3405, "R4
3406, "R
3407, "R3
3408, "M1-2/R5
3409, "R
3410, "R5
3411, "R4-
3412, "R5
3413, "C4-3
3414, "R7
3415, "R
3416, "R4-
3417, "M1-
3418, "R5
3419, "R6
3420, "R5
3421, "R1-2
3422, "R
3423, "R3
3424, "R7
3425, "PAR
3426, "M1-
3427, "R4-
3428, "R4-
3429, "M1-
3430, "R3-
3431, "R5
3432, "R
3433, "C6-
3434, "R4
3435, "M1-
3436, "M1-
3437, "PAR
3438, "R3-
3439, "R3
3440, "C8-
3441, "M1-
3442, "R
3443, "R4
3444, "R1-
3445, "PAR
3446, "R
3447, "C8-
3448, "R3-
3449, "M1-
3450, "R4-
3451, "R
3452, "R3
3453, "R3-
3454, "R7
3455, "R3
3456, "R5
3457, "M1-
3458, "R
3459, "R
3460, "M1-
3461, "C4-
3462, "R
3463, "R
3464, "R3-
3465, "R5
3466, "PAR
3467, "M1-
3468, "R3-
3469, "R3
3470, "R4
3471, "M1-
3472, "R7
3473, "M1-4
3474, "R
3475, "R3
3476, "R
3477, "R6
3478, "R6
3479, "M1-
3480, "M1-
3481, "R
3482, "R
3483, "R1-2
3484, "M1-5/R
3485, "R
3486, "R4-
3487, "R3
3488, "R6
3489, "R2
3490, "R4
3491, "R4
3492, "R6
3493, "R2
3494, "C6-
3495, "R
3496, "M1-2/R6
3497, "R5
3498, "PAR
3499, "R
3500, "R
3501, "R3
3502, "C
3503, "R4-
3504, "R4-
3505, "R3-
3506, "R5
3507, "C
3508, "R7-
3509, "R3-
3510, "R
3511, "R3
3512, "R3
3513, "R6
3514, "PAR
3515, "R4
3516, "C4-
3517, "M1-4/R6
3518, "R7
3519, "R3-
3520, "R
3521, "R
3522, "R3-
3523, "R3
3524, "R5
3525, "M1-2/R5
3526, "R3-
3527, "R2
3528, "R6
3529, "M1-4/R7
3530, "R5
3531, "PAR
3532, "R4
3533, "R6
3534, "R
3535, "PAR
3536, "R3-
3537, "R6
3538, "R4
3539, "R5
3540, "R3-
3541, "R5
3542, "R
3543, "R3
3544, "C4-
3545, "M3-
3546, "R3-
3547, "R3
3548, "R4-
3549, "R4-
3550, "M1-
3551, "R3
3552, "R3
3553, "R5
3554, "R3-
3555, "C4-
3556, "R5
3557, "R3
3558, "C6-
3559, "PAR
3560, "R
3561, "R4
3562, "R4
3563, "R3-
3564, "C8-
3565, "M1-
3566, "R3-
3567, "R4
3568, "R5
3569, "R
3570, "R
3571, "R6
3572, "M1-6/R1
3573, "R4-
3574, "R
3575, "R
3576, "R4
3577, "R2
3578, "R3
3579, "R3
3580, "R3
3581, "PAR
3582, "R6
3583, "R4-
3584, "M1-5/R
3585, "R
3586, "R4-
3587, "M1-
3588, "R
3589, "R
3590, "R4-
3591, "R6
3592, "R7
3593, "R
3594, "PAR
3595, "R
3596, "C8-
3597, "C4-
3598, "M1-
3599, "M1-
3600, "R7-
3601, "R
3602, "R5
3603, "R7
3604, "R3
3605, "R4-
3606, "PAR
3607, "R
3608, "R
3609, "PAR
3610, "R
3611, "R4-
3612, "R
3613, "R
3614, "R
3615, "R5
3616, "C4-2
3617, "R6
3618, "C8-
3619, "PAR
3620, "R3
3621, "R3
3622, "R
3623, "R4
3624, "R1-
3625, "R4-
3626, "R4
3627, "PAR
3628, "C4-5
3629, "R3
3630, "R3-
3631, "R4
3632, "R3-
3633, "R5
3634, "R5
3635, "R3-
3636, "R2
3637, "R7
3638, "R3
3639, "M1-
3640, "R4-
3641, "M1-5/R7-
3642, "R
3643, "R2
3644, "R1-
3645, "R
3646, "C8-
3647, "R
3648, "PAR
3649, "R
3650, "R3
3651, "C4-4
3652, "R
3653, "R
3654, "R3
3655, "R7
3656, "M1-
3657, "R
3658, "R3
3659, "R3
3660, "R
3661, "R
3662, "R3-
3663, "R2
3664, "R2
3665, "R4-
3666, "R
3667, "R3
3668, "R5
3669, "R
3670, "PAR
3671, "R3-
3672, "R3
3673, "R7
3674, "R6
3675, "M2-
3676, "R4
3677, "C8-
3678, "R4-
3679, "R6
3680, "R2
3681, "R5
3682, "M1-
3683, "M3-
3684, "R4
3685, "PAR
3686, "C8-
3687, "R
3688, "R4-
3689, "M1-
3690, "R1-
3691, "R2
3692, "R4-
3693, "C4-
3694, "R3
3695, "R3-
3696, "R3-
3697, "R3-
3698, "R6
3699, "R2
3700, "PAR
3701, "M1-
3702, "R
3703, "M1-
3704, "R1-
3705, "R3
3706, "C8-
3707, "M3-
3708, "R4
3709, "PAR
3710, "R5
3711, "R3-
3712, "R
3713, "R4-
3714, "PAR
3715, "M1-2/R6
3716, "R3-
3717, "R5
3718, "R
3719, "R4-
3720, "R
3721, "M3-
3722, "R
3723, "R5
3724, "R3
3725, "R
3726, "R7
3727, "M1-
3728, "R2
3729, "R5
3730, "R4
3731, "R
3732, "R3-
3733, "M1-
3734, "R
3735, "R3
3736, "R
3737, "R3-
3738, "R
3739, "R
3740, "R3
3741, "PAR
3742, "R6
3743, "R3-
3744, "C8-
3745, "R4-
3746, "M1-
3747, "M1-2/R5
3748, "R
3749, "R
3750, "R3
3751, "M1-6/R1
3752, "M3-
3753, "R3
3754, "M1-
3755, "R2
3756, "R4
3757, "R4-
3758, "R4
3759, "R5
3760, "R7
3761, "R6
3762, "C4-5
3763, "R
3764, "R6
3765, "R3-
3766, "M1-
3767, "R3-
3768, "R3
3769, "R4-
3770, "R2
3771, "R4-
3772, "R4
3773, "R2
3774, "R4-
3775, "R3-
3776, "R7
3777, "C6-
3778, "C4-
3779, "M1-4/R6
3780, "R3
3781, "M1-
3782, "R
3783, "R7
3784, "R
3785, "R4-
3786, "PAR
3787, "R
3788, "R
3789, "R6
3790, "R6
3791, "R4-
3792, "R5
3793, "M3-
3794, "M1-
3795, "C4-
3796, "C5-
3797, "R6
3798, "R5
3799, "R
3800, "R3
3801, "C4-
3802, "M1-
3803, "R4
3804, "R5
3805, "R4-
3806, "R4-
3807, "R2
3808, "R5
3809, "R1-
3810, "R5
3811, "R
3812, "C6-
3813, "R3-
3814, "R
3815, "C8-
3816, "R6
3817, "C4-3
3818, "C4-
3819, "R3
3820, "C8-
3821, "R5
3822, "R3
3823, "R
3824, "R
3825, "M1-
3826, "PAR
3827, "R3
3828, "R
3829, "R3
3830, "PAR
3831, "R3-
3832, "R4-
3833, "R
3834, "R3
3835, "R
3836, "R
3837, "PAR
3838, "R4
3839, "R3-
3840, "R4-
3841, "M3-
3842, "PAR
3843, "PAR
3844, "M1-3/R7
3845, "M1-
3846, "R6
3847, "R6
3848, "R3-
3849, "R3-
3850, "R7-
3851, "R
3852, "R
3853, "R6
3854, "PAR
3855, "M1-
3856, "R
3857, "M1-
3858, "R5
3859, "R4
3860, "R
3861, "R3
3862, "M1-
3863, "R5
3864, "R5
3865, "R3-
3866, "R
3867, "R3-
3868, "R7-
3869, "R4
3870, "R3-
3871, "R3-
3872, "R
3873, "R
3874, "R
3875, "M1-
3876, "R4-
3877, "R6
3878, "R
3879, "R7-
3880, "R7-
3881, "R8
3882, "R5
3883, "R5
3884, "R
3885, "R4-
3886, "R3
3887, "R4
3888, "C
3889, "PAR
3890, "R6
3891, "M1-
3892, "R
3893, "R
3894, "R3-
3895, "R
3896, "R
3897, "R7-
3898, "C4-
3899, "R5
3900, "R5
3901, "R
3902, "R4-
3903, "M1-
3904, "M2-
3905, "R
3906, "C8-
3907, "R3-
3908, "PAR
3909, "R1-2
3910, "R4
3911, "R
3912, "R4
3913, "R
3914, "R4
3915, "R
3916, "R5
3917, "R
3918, "R3
3919, "R3-
3920, "R5
3921, "R3
3922, "R
3923, "R3-
3924, "M1-4/R7
3925, "M1-
3926, "R
3927, "R
3928, "R4
3929, "R3-
3930, "R
3931, "R4
3932, "M1-
3933, "PAR
3934, "R5
3935, "R6
3936, "R
3937, "R
3938, "R3-
3939, "R3-
3940, "C4-4
3941, "R4
3942, "R4
3943, "C8-
3944, "R4-
3945, "R
3946, "R7-
3947, "PAR
3948, "R6
3949, "R4
3950, "R
3951, "R
3952, "M1-
3953, "R3-
3954, "R
3955, "R4
3956, "R3-
3957, "R5
3958, "M1-
3959, "R
3960, "R3
3961, "R
3962, "R6
3963, "R3-
3964, "R
3965, "R
3966, "R4
3967, "PAR
3968, "C8-
3969, "M3-
3970, "R
3971, "PAR
3972, "R4-
3973, "R6
3974, "R
3975, "R4-
3976, "R1-
3977, "R3
3978, "R5
3979, "M1-5/R7
3980, "R4-
3981, "R4
3982, "R5
3983, "PAR
3984, "R4
3985, "R
3986, "PAR
3987, "PAR
3988, "R
3989, "M2-
3990, "PAR
3991, "M1-
3992, "R5
3993, "R4-
3994, "R
3995, "R
3996, "R5
3997, "R6
3998, "R
3999, "C4-
4000, "R5
